{
  "label + input": {
    "prefix": "labelWithInput",
    "body": ["<label for='$1'>$2</label><input type='$3' id='$1' name='$1'>"],
    "description": "Label + input"
  },
  "input + label": {
    "prefix": "inputWithLabel",
    "body": ["<input type='$1' id='$2' name='$2'><label for='$2'>$3</label>"],
    "description": "input + label"
  },
  "bootstrap css": {
    "prefix": "bs_css",
    "body": [
      "<link href='https://cdn.jsdelivr.net/npm/bootstrap@5.3.3/dist/css/bootstrap.min.css' rel='stylesheet' />"
    ],
    "description": "bootstrap css cdn"
  },
  "bootstrap js": {
    "prefix": "bs_js",
    "body": ["<script src='https://cdn.jsdelivr.net/npm/bootstrap@5.3.3/dist/js/bootstrap.bundle.min.js'></script>"],
    "description": "bootstrap js cdn"
  }
}
